Id;Img;Description;NumberOfLike;CreateTime
1;1.jpg;;0;23.05.2016 1:00
2;2.jpg;;0;23.05.2016 5:00
3;3.jpg;;0;24.05.2016 10:00
4;4.jpg;;0;24.05.2016 9:00
5;5.jpg;;0;25.05.2016 1:01
6;6.jpg;;0;25.05.2016 5:04
7;7.jpg;;0;26.05.2016 1:00
8;8.jpg;;0;26.05.2016 1:00
9;9.jpg;;0;01.06.2016 4:00
10;10.jpg;;0;01.06.2016 5:00
11;11.jpg;;0;02.06.2016 6:00
12;12.jpg;;0;02.06.2016 7:00
13;13.jpg;;0;03.06.2016 10:08
14;14.jpg;;0;03.06.2016 9:00
15;15.jpg;;0;04.06.2016 2:00
16;16.jpg;;0;04.06.2016 3:00
17;17.jpg;;0;05.06.2016 5:00
18;18.jpg;;0;05.06.2016 6:00
