PlayerInTeamId;PlayerId;TeamId;SeasonId;ShirtNumber;Salary;StarterIndex
1;1;22;1;0;1200;3
2;2;22;1;7;1100;1
3;3;22;1;9;1000;2
4;4;22;1;8;900;1
5;5;22;1;21;456;4
6;6;10;1;0;567;1
7;7;22;1;14;456;2
8;8;22;1;27;235;3
9;9;22;1;1;678;2
10;10;22;1;12;890;3
11;11;22;1;41;543;1
12;12;22;1;23;234;3
13;13;22;1;35;34;1
14;14;22;1;25;24;4
15;15;22;1;3;56;1
16;16;22;1;15;34;2
17;17;22;1;5;56;4
18;18;21;1;32;223;1
19;19;21;1;22;890;2
20;20;21;1;14;443;4
21;21;21;1;8;456;2
22;22;21;1;5;45;3
23;23;21;1;15;245;1
24;24;21;1;9;456;1
25;25;21;1;88;344;3
26;26;21;1;33;245;3
27;27;21;1;3;678;2
28;28;21;1;1;908;1
29;29;21;1;4;678;1
30;30;21;1;45;56;2
31;31;21;1;27;544;4
32;32;21;1;11;67;3
33;33;25;1;0;45;1
34;34;25;1;5;34;2
35;35;25;1;11;34;4
36;36;25;1;12;334;2
37;37;25;1;21;567;4
38;38;25;1;9;789;1
39;39;25;1;3;789;1
40;40;25;1;8;655;3
41;41;25;1;2;543;2
42;42;25;1;77;567;3
43;43;25;1;7;357;2
44;44;25;1;22;578;3
45;45;25;1;6;432;3
46;46;25;1;15;45;2
47;47;25;1;4;45;1
48;48;25;1;34;35;1
49;49;24;1;0;765;3
50;50;24;1;3;443;2
51;51;24;1;4;46;1
52;52;24;1;24;246;1
53;53;24;1;23;78;2
54;54;24;1;1;534;2
55;55;24;1;8;25;3
56;56;24;1;11;356;1
57;57;24;1;17;333;3
58;58;24;1;6;677;4
59;59;24;1;21;567;2
60;60;24;1;10;454;4
61;61;24;1;5;54;1
62;62;24;1;55;545;1
63;63;24;1;31;788;2
64;64;23;1;20;542;2
65;65;23;1;3;234;1
66;66;23;1;5;67;2
67;67;23;1;27;66;3
68;68;23;1;15;332;4
69;69;23;1;6;45;3
70;70;23;1;8;32;1
71;71;23;1;41;22;2
72;72;23;1;2;460;1
73;73;23;1;11;193;1
74;74;23;1;33;98;3
75;75;23;1;10;266;2
76;76;23;1;24;13;1
77;77;23;1;25;452;4
78;78;23;1;21;320;2
79;79;9;1;21;81;3
80;80;9;1;3;25;1
81;81;9;1;22;395;4
82;82;9;1;11;347;2
83;83;9;1;8;160;1
84;84;9;1;44;413;1
85;85;9;1;7;442;2
86;86;9;1;9;226;3
87;87;9;1;0;340;4
88;88;9;1;2;24;1
89;89;9;1;6;57;2
90;90;9;1;5;349;2
91;91;9;1;45;390;1
92;92;9;1;16;53;3
93;93;9;1;31;385;3
94;94;8;1;23;415;3
95;95;8;1;2;403;3
96;96;8;1;0;124;1
97;97;8;1;8;115;3
98;98;8;1;5;439;1
99;99;8;1;26;44;2
100;100;8;1;4;418;3
101;101;8;1;13;387;1
102;102;8;1;24;454;2
103;103;8;1;20;490;1
104;104;8;1;12;224;2
105;105;8;1;34;298;1
106;106;8;1;14;454;3
107;107;8;1;1;241;2
108;108;8;1;66;360;2
109;109;6;1;1;252;1
110;110;6;1;34;266;1
111;111;6;1;5;227;4
112;112;6;1;0;396;4
113;113;6;1;13;396;3
114;114;6;1;30;136;4
115;115;6;1;14;165;2
116;116;6;1;25;341;3
117;117;6;1;19;385;1
118;118;6;1;12;315;2
119;119;6;1;7;104;2
120;120;6;1;51;294;2
121;121;6;1;6;353;1
122;122;6;1;8;348;2
123;123;6;1;9;200;1
124;124;7;1;13;224;3
125;125;7;1;44;116;1
126;126;7;1;33;400;1
127;127;7;1;21;37;2
128;128;7;1;0;72;1
129;129;7;1;2;14;4
130;130;7;1;11;424;3
131;131;7;1;7;395;2
132;132;7;1;40;369;4
133;133;7;1;99;381;2
134;134;7;1;1;98;3
135;135;7;1;3;45;4
136;136;7;1;5;471;1
137;137;7;1;25;57;2
138;138;7;1;32;477;1
139;139;10;1;34;188;2
140;140;10;1;12;111;2
141;141;10;1;13;117;3
142;142;10;1;9;240;1
143;143;10;1;21;200;1
144;144;10;1;8;193;1
145;145;10;1;35;377;4
146;146;10;1;31;257;2
147;147;10;1;20;414;3
148;148;10;1;3;322;2
149;149;10;1;7;471;4
150;150;10;1;6;345;4
151;151;10;1;22;365;3
152;152;10;1;15;424;1
153;153;14;1;11;244;3
154;154;14;1;44;222;1
155;155;14;1;6;285;1
156;156;14;1;7;337;3
157;157;14;1;35;475;3
158;158;14;1;12;377;2
159;159;14;1;13;80;2
160;160;14;1;24;349;1
161;161;14;1;41;10;4
162;162;14;1;22;37;4
163;163;14;1;15;138;2
164;164;14;1;4;62;3
165;165;14;1;95;458;4
166;166;14;1;2;34;2
167;167;14;1;8;193;1
168;168;14;1;76;412;2
169;169;14;1;1;330;4
170;170;14;1;21;410;1
171;171;11;1;4;111;3
172;172;11;1;0;279;1
173;173;11;1;42;454;3
174;174;11;1;99;218;4
175;175;11;1;36;34;3
176;176;11;1;41;67;1
177;177;11;1;90;149;2
178;178;11;1;12;162;2
179;179;11;1;30;68;2
180;180;11;1;7;356;1
181;181;11;1;8;216;2
182;182;11;1;44;434;2
183;183;11;1;55;305;1
184;184;11;1;9;420;1
185;185;11;1;13;150;4
186;186;13;1;7;378;1
187;187;13;1;6;93;2
188;188;13;1;25;250;1
189;189;13;1;5;154;3
190;190;13;1;3;409;4
191;191;13;1;8;439;2
192;192;13;1;9;463;4
193;193;13;1;91;408;2
194;194;13;1;14;365;2
195;195;13;1;13;34;3
196;196;13;1;42;39;1
197;197;13;1;31;207;2
198;198;13;1;2;433;3
199;199;13;1;18;19;1
200;200;13;1;40;451;1
201;201;12;1;21;443;1
202;202;12;1;25;111;1
203;203;12;1;8;403;3
204;204;12;1;0;36;2
205;205;12;1;33;111;4
206;206;12;1;9;216;2
207;207;12;1;12;339;1
208;208;12;1;14;246;2
209;209;12;1;11;116;3
210;210;12;1;4;418;3
211;211;12;1;22;196;4
212;212;12;1;31;355;1
213;213;12;1;5;259;1
214;214;12;1;1;388;4
215;215;12;1;20;59;2
216;216;15;1;10;198;3
217;217;15;1;7;78;4
218;218;15;1;17;291;2
219;219;15;1;31;370;1
220;220;15;1;5;176;1
221;221;15;1;6;325;1
222;222;15;1;54;194;4
223;223;15;1;0;62;2
224;224;15;1;24;70;2
225;225;15;1;92;63;1
226;226;15;1;43;468;3
227;227;15;1;23;254;1
228;228;15;1;42;388;4
229;229;15;1;20;202;2
230;230;15;1;55;137;3
231;231;3;1;4;176;3
232;232;3;1;17;378;1
233;233;3;1;8;370;2
234;234;3;1;10;71;3
235;235;3;1;24;12;2
236;236;3;1;31;158;3
237;237;3;1;25;302;1
238;238;3;1;13;314;4
239;239;3;1;5;355;1
240;240;3;1;43;390;3
241;241;3;1;12;412;1
242;242;3;1;95;21;4
243;243;3;1;32;222;1
244;244;3;1;22;284;2
245;245;3;1;14;230;2
246;246;3;1;30;426;1
247;247;3;1;11;411;2
248;248;5;1;15;418;2
249;249;5;1;5;150;3
250;250;5;1;40;64;4
251;251;5;1;2;285;2
252;252;5;1;21;341;3
253;253;5;1;44;464;1
254;254;5;1;3;413;1
255;255;5;1;14;450;3
256;256;5;1;0;172;2
257;257;5;1;7;38;3
258;258;5;1;55;53;1
259;259;5;1;12;219;1
260;260;5;1;22;200;2
261;261;5;1;9;404;4
262;262;5;1;35;410;2
263;263;5;1;18;455;3
264;264;5;1;10;250;1
265;265;5;1;30;361;4
266;266;1;1;7;227;2
267;267;1;1;21;155;2
268;268;1;1;8;49;1
269;269;1;1;11;46;2
270;270;1;1;16;343;1
271;271;1;1;0;92;4
272;272;1;1;20;419;2
273;273;1;1;2;439;3
274;274;1;1;22;73;2
275;275;1;1;17;345;3
276;276;1;1;35;218;1
277;277;1;1;4;486;3
278;278;1;1;5;401;1
279;279;1;1;40;409;3
280;280;1;1;1;57;1
281;281;1;1;15;181;3
282;282;2;1;10;129;2
283;283;2;1;7;132;1
284;284;2;1;9;265;3
285;285;2;1;4;407;2
286;286;2;1;0;495;2
287;287;2;1;34;14;4
288;288;2;1;20;115;3
289;289;2;1;14;168;1
290;290;2;1;11;304;2
291;291;2;1;8;91;3
292;292;2;1;32;127;2
293;293;2;1;21;207;3
294;294;2;1;3;389;1
295;295;2;1;33;449;1
296;296;2;1;23;280;1
297;297;2;1;40;296;3
298;298;4;1;2;397;2
299;299;4;1;3;291;2
300;300;4;1;22;357;1
301;301;4;1;5;93;3
302;302;4;1;13;42;2
303;303;4;1;15;241;1
304;304;4;1;12;120;1
305;305;4;1;14;186;4
306;306;4;1;33;351;3
307;307;4;1;9;229;1
308;308;4;1;31;360;1
309;309;4;1;44;461;2
310;310;4;1;32;479;3
311;311;4;1;28;463;4
312;312;4;1;4;373;3
313;313;30;1;35;334;3
314;314;30;1;30;101;1
315;315;30;1;11;195;3
316;316;30;1;23;89;4
317;317;30;1;21;313;2
318;318;30;1;9;350;1
319;319;30;1;27;103;1
320;320;30;1;1;179;3
321;321;30;1;34;16;1
322;322;30;1;3;29;2
323;323;30;1;0;170;2
324;324;30;1;5;140;4
325;325;30;1;20;39;1
326;326;30;1;18;57;2
327;327;30;1;15;407;2
328;328;29;1;32;18;3
329;329;29;1;3;338;1
330;330;29;1;4;332;2
331;331;29;1;6;113;2
332;332;29;1;11;264;2
333;333;29;1;25;448;1
334;334;29;1;5;417;4
335;335;29;1;2;386;3
336;336;29;1;12;264;3
337;337;29;1;30;351;2
338;338;29;1;34;68;4
339;339;29;1;9;190;1
340;340;29;1;33;114;2
341;341;29;1;0;97;1
342;342;29;1;10;443;1
343;343;28;1;23;303;1
344;344;28;1;1;455;3
345;345;28;1;6;225;4
346;346;28;1;0;232;2
347;347;28;1;30;106;1
348;348;28;1;14;159;2
349;349;28;1;9;39;2
350;350;28;1;20;294;3
351;351;28;1;7;367;1
352;352;28;1;28;42;4
353;353;28;1;15;274;1
354;354;28;1;5;314;1
355;355;28;1;40;301;4
356;356;28;1;4;168;3
357;357;28;1;37;285;2
358;358;27;1;2;43;3
359;359;27;1;1;386;3
360;360;27;1;12;476;2
361;361;27;1;11;233;1
362;362;27;1;4;29;1
363;363;27;1;3;239;4
364;364;27;1;21;392;2
365;365;27;1;0;466;3
366;366;27;1;17;416;2
367;367;27;1;19;433;4
368;368;27;1;35;152;2
369;369;27;1;8;204;2
370;370;27;1;15;144;4
371;371;27;1;23;406;1
372;372;27;1;10;135;1
373;373;27;1;14;376;1
374;374;26;1;15;338;2
375;375;26;1;8;212;4
376;376;26;1;7;309;2
377;377;26;1;10;236;1
378;378;26;1;17;196;3
379;379;26;1;40;28;4
380;380;26;1;22;451;2
381;381;26;1;43;176;3
382;382;26;1;41;153;2
383;383;26;1;20;138;3
384;384;26;1;18;10;2
385;385;26;1;23;269;4
386;386;26;1;0;344;1
387;387;26;1;3;278;1
388;388;26;1;5;266;1
389;389;26;1;13;373;1
390;390;18;1;40;305;3
391;391;18;1;23;166;2
392;392;18;1;8;409;4
393;393;18;1;41;182;4
394;394;18;1;5;86;3
395;395;18;1;30;204;2
396;396;18;1;7;340;1
397;397;18;1;1;141;1
398;398;18;1;3;46;1
399;399;18;1;34;112;3
400;400;18;1;10;455;2
401;401;18;1;55;124;4
402;402;18;1;6;444;1
403;403;18;1;50;153;3
404;404;18;1;20;256;2
405;405;18;1;9;128;1
406;406;19;1;13;448;2
407;407;19;1;10;175;3
408;408;19;1;3;244;4
409;409;19;1;1;97;1
410;410;19;1;15;29;2
411;411;19;1;5;484;1
412;412;19;1;2;421;1
413;413;19;1;42;343;1
414;414;19;1;7;442;3
415;415;19;1;33;487;2
416;416;19;1;21;459;2
417;417;19;1;32;382;1
418;418;19;1;6;418;2
419;419;19;1;30;455;4
420;420;19;1;8;217;3
421;421;19;1;12;474;3
422;422;17;1;33;366;1
423;423;17;1;11;269;3
424;424;17;1;50;382;1
425;425;17;1;9;256;1
426;426;17;1;30;197;2
427;427;17;1;0;119;2
428;428;17;1;15;493;3
429;429;17;1;8;74;1
430;430;17;1;5;298;3
431;431;17;1;25;132;1
432;432;17;1;16;143;2
433;433;17;1;10;162;2
434;434;17;1;1;150;3
435;435;17;1;4;369;4
436;436;17;1;23;135;4
437;437;17;1;34;477;4
438;438;20;1;23;328;2
439;439;20;1;11;465;2
440;440;20;1;9;194;4
441;441;20;1;1;479;1
442;442;20;1;55;160;4
443;443;20;1;5;98;1
444;444;20;1;10;180;2
445;445;20;1;2;437;2
446;446;20;1;24;92;1
447;447;20;1;33;450;4
448;448;20;1;44;190;1
449;449;20;1;13;294;3
450;450;20;1;8;296;3
451;451;20;1;88;455;3
452;452;20;1;42;414;1
453;453;20;1;3;86;2
454;454;20;1;20;336;3
455;455;16;1;2;341;4
456;456;16;1;12;280;3
457;457;16;1;16;479;1
458;458;16;1;9;16;1
459;459;16;1;8;478;4
460;460;16;1;20;369;4
461;461;16;1;14;145;1
462;462;16;1;10;38;2
463;463;16;1;17;474;2
464;464;16;1;3;283;1
465;465;16;1;5;473;3
466;466;16;1;42;87;2
467;467;16;1;27;121;2
468;468;16;1;1;77;3
469;469;16;1;11;491;1
470;470;16;1;30;277;2
471;1;22;2;0;1200;3
472;2;22;2;7;1100;1
473;3;22;2;9;1000;1
474;4;22;2;8;900;4
475;5;22;2;21;456;2
476;6;22;2;91;567;2
477;7;22;2;14;456;3
478;8;22;2;27;235;2
479;9;22;2;1;678;1
480;10;22;2;12;890;1
481;11;22;2;41;543;1
482;12;22;2;23;234;4
483;13;22;2;35;34;3
484;14;22;2;25;24;1
485;15;22;2;3;56;3
486;16;22;2;15;34;2
487;17;22;2;5;56;4
488;18;21;2;32;223;1
489;19;21;2;22;890;1
490;20;21;2;14;443;2
491;21;21;2;8;456;3
492;22;21;2;5;45;4
493;23;21;2;15;245;3
494;24;21;2;9;456;2
495;25;21;2;88;344;3
496;26;21;2;33;245;2
497;27;21;2;3;678;4
498;28;21;2;1;908;3
499;29;21;2;4;678;1
500;30;21;2;45;56;2
501;31;21;2;27;544;1
502;32;21;2;11;67;1
503;33;25;2;0;45;1
504;34;25;2;5;34;1
505;35;25;2;11;34;2
506;36;25;2;12;334;4
507;37;25;2;21;567;3
508;38;25;2;9;789;1
509;39;25;2;3;789;2
510;40;25;2;8;655;1
511;41;25;2;2;543;4
512;42;25;2;77;567;1
513;43;25;2;7;357;3
514;44;25;2;22;578;3
515;45;25;2;6;432;2
516;46;25;2;15;45;2
517;47;25;2;4;45;3
518;48;25;2;34;35;3
519;49;24;2;0;765;4
520;50;24;2;3;443;2
521;51;24;2;4;46;3
522;52;24;2;24;246;1
523;53;24;2;23;78;3
524;54;24;2;1;534;1
525;55;24;2;8;25;2
526;56;24;2;11;356;3
527;57;24;2;17;333;2
528;58;24;2;6;677;2
529;59;24;2;21;567;1
530;60;24;2;10;454;4
531;61;24;2;5;54;2
532;62;24;2;55;545;1
533;63;24;2;31;788;2
534;64;23;2;20;542;3
535;65;23;2;3;234;2
536;66;23;2;5;67;2
537;67;23;2;27;66;1
538;68;23;2;15;332;1
539;69;23;2;6;45;3
540;70;23;2;8;32;2
541;71;23;2;41;22;2
542;72;23;2;2;452;4
543;73;23;2;11;179;3
544;74;23;2;33;445;2
545;75;23;2;10;301;1
546;76;23;2;24;29;1
547;77;23;2;25;331;1
548;78;23;2;21;189;4
549;79;9;2;21;490;3
550;80;9;2;3;130;2
551;81;9;2;22;410;2
552;82;9;2;11;121;2
553;83;9;2;8;425;1
554;84;9;2;44;98;3
555;85;9;2;7;316;3
556;86;9;2;9;270;1
557;87;9;2;0;484;1
558;88;9;2;2;368;4
559;89;9;2;6;190;4
560;90;9;2;5;394;1
561;91;9;2;45;189;3
562;92;9;2;16;206;2
563;93;9;2;31;270;1
564;94;8;2;23;207;1
565;95;8;2;2;187;2
566;96;8;2;0;59;2
567;97;8;2;8;335;2
568;98;8;2;5;51;1
569;99;8;2;26;258;2
570;100;8;2;4;244;1
571;101;8;2;13;28;3
572;102;8;2;24;174;2
573;103;8;2;20;351;1
574;104;8;2;12;311;3
575;105;8;2;34;397;3
576;106;8;2;14;74;3
577;107;8;2;1;340;3
578;108;8;2;66;120;1
579;109;6;2;1;144;3
580;110;6;2;34;360;2
581;111;6;2;5;190;4
582;112;6;2;0;258;1
583;113;6;2;13;418;2
584;114;6;2;30;304;2
585;115;6;2;14;158;2
586;116;6;2;25;432;1
587;117;6;2;19;496;3
588;118;6;2;12;122;1
589;119;6;2;7;326;2
590;120;6;2;51;498;1
591;121;6;2;6;19;1
592;122;6;2;8;271;4
593;123;6;2;9;248;4
594;124;7;2;13;68;1
595;125;7;2;44;32;3
596;126;7;2;33;337;1
597;127;7;2;21;420;2
598;128;7;2;0;157;2
599;129;7;2;2;446;3
600;130;7;2;11;243;3
601;131;7;2;7;261;4
602;132;7;2;40;449;2
603;133;7;2;99;449;1
604;134;7;2;1;58;2
605;135;7;2;3;288;4
606;136;7;2;5;269;1
607;137;7;2;25;444;1
608;138;7;2;32;147;4
609;139;10;2;34;318;4
610;140;10;2;12;368;3
611;141;10;2;13;336;1
612;142;10;2;9;29;4
613;143;10;2;21;183;1
614;144;10;2;8;106;1
615;145;10;2;35;466;4
616;146;10;2;31;234;3
617;147;10;2;20;218;2
618;148;10;2;3;338;1
619;149;10;2;7;295;3
620;150;10;2;6;228;1
621;151;10;2;22;273;2
622;152;10;2;15;40;2
623;153;14;2;11;448;1
624;154;14;2;44;295;1
625;155;14;2;6;211;3
626;156;14;2;7;28;4
627;157;14;2;35;304;3
628;158;14;2;12;240;3
629;159;14;2;13;404;2
630;160;14;2;24;410;4
631;161;14;2;41;367;1
632;162;14;2;22;426;4
633;163;14;2;15;484;1
634;164;14;2;4;470;2
635;165;14;2;95;422;2
636;166;14;2;2;414;4
637;167;14;2;8;157;2
638;168;14;2;76;187;2
639;169;14;2;1;243;1
640;170;14;2;21;91;3
641;171;11;2;4;291;3
642;172;11;2;0;348;3
643;173;11;2;42;142;1
644;174;11;2;99;338;2
645;175;11;2;36;147;2
646;176;11;2;41;92;1
647;177;11;2;90;274;4
648;178;11;2;12;95;1
649;179;11;2;30;106;2
650;180;11;2;7;165;2
651;181;11;2;8;133;2
652;182;11;2;44;132;4
653;183;11;2;55;348;1
654;184;11;2;9;435;3
655;185;11;2;13;84;1
656;186;13;2;7;347;3
657;187;13;2;6;283;1
658;188;13;2;25;164;3
659;189;13;2;5;147;2
660;190;13;2;3;445;1
661;191;13;2;8;358;4
662;192;13;2;9;212;2
663;193;13;2;91;361;2
664;194;13;2;14;296;1
665;195;13;2;13;27;3
666;196;13;2;42;121;4
667;197;13;2;31;331;2
668;198;13;2;2;27;1
669;199;13;2;18;309;2
670;200;13;2;40;428;1
671;201;12;2;21;73;3
672;202;12;2;25;406;2
673;203;12;2;8;332;2
674;204;12;2;0;284;2
675;205;12;2;33;145;1
676;206;12;2;9;385;4
677;207;12;2;12;37;3
678;208;12;2;14;481;1
679;209;12;2;11;332;1
680;210;12;2;4;420;3
681;211;12;2;22;264;1
682;212;12;2;31;203;4
683;213;12;2;5;45;4
684;214;12;2;1;151;2
685;215;12;2;20;95;1
686;216;15;2;10;332;4
687;217;15;2;7;263;1
688;218;15;2;17;75;3
689;219;15;2;31;465;1
690;220;15;2;5;41;2
691;221;15;2;6;371;4
692;222;15;2;54;24;2
693;223;15;2;0;108;3
694;224;15;2;24;334;2
695;225;15;2;92;133;4
696;226;15;2;43;157;1
697;227;15;2;23;102;1
698;228;15;2;42;151;3
699;229;15;2;20;401;1
700;230;15;2;55;125;2
701;231;3;2;4;264;3
702;232;3;2;17;215;3
703;233;3;2;8;107;4
704;234;3;2;10;178;1
705;235;3;2;24;347;1
706;236;3;2;31;14;4
707;237;3;2;25;331;1
708;238;3;2;13;144;1
709;239;3;2;5;440;2
710;240;3;2;43;56;2
711;241;3;2;12;288;3
712;242;3;2;95;480;2
713;243;3;2;32;195;1
714;244;3;2;22;99;1
715;245;3;2;14;158;3
716;246;3;2;30;389;2
717;247;3;2;11;396;2
718;248;5;2;15;379;3
719;249;5;2;5;336;3
720;250;5;2;40;176;3
721;251;5;2;2;182;4
722;252;5;2;21;376;2
723;253;5;2;44;495;3
724;254;5;2;3;46;1
725;255;5;2;14;439;1
726;256;5;2;0;390;3
727;257;5;2;7;473;2
728;258;5;2;55;313;4
729;259;5;2;12;351;2
730;260;5;2;22;470;1
731;261;5;2;9;149;2
732;262;5;2;35;115;2
733;263;5;2;18;285;1
734;264;5;2;10;81;1
735;265;5;2;30;299;4
736;266;1;2;7;28;1
737;267;1;2;21;294;2
738;268;1;2;8;127;1
739;269;1;2;11;379;3
740;270;1;2;16;17;2
741;271;1;2;0;99;4
742;272;1;2;20;335;1
743;273;1;2;2;77;2
744;274;1;2;22;132;2
745;275;1;2;17;290;3
746;276;1;2;35;229;3
747;277;1;2;4;349;1
748;278;1;2;5;29;2
749;279;1;2;40;389;1
750;280;1;2;1;271;3
751;281;1;2;15;255;3
752;282;2;2;10;248;3
753;283;2;2;7;472;2
754;284;2;2;9;68;1
755;285;2;2;4;31;2
756;286;2;2;0;308;1
757;287;2;2;34;431;1
758;288;2;2;20;137;3
759;289;2;2;14;370;3
760;290;2;2;11;165;1
761;291;2;2;8;118;1
762;292;2;2;32;168;2
763;293;2;2;21;165;2
764;294;2;2;3;345;3
765;295;2;2;33;113;2
766;296;2;2;23;263;4
767;297;2;2;40;430;3
768;298;4;2;2;204;3
769;299;4;2;3;196;2
770;300;4;2;22;421;3
771;301;4;2;5;491;3
772;302;4;2;13;419;4
773;303;4;2;15;482;1
774;304;4;2;12;99;3
775;305;4;2;14;320;1
776;306;4;2;33;418;1
777;307;4;2;9;213;1
778;308;4;2;31;443;2
779;309;4;2;44;273;1
780;310;4;2;32;77;4
781;311;4;2;28;286;2
782;312;4;2;4;244;2
783;313;30;2;35;60;1
784;314;30;2;30;318;1
785;315;30;2;11;251;2
786;316;30;2;23;283;3
787;317;30;2;21;58;2
788;318;30;2;9;471;1
789;319;30;2;27;479;2
790;320;30;2;1;385;3
791;321;30;2;34;467;2
792;322;30;2;3;453;3
793;323;30;2;0;114;4
794;324;30;2;5;303;1
795;325;30;2;20;321;2
796;326;30;2;18;397;4
797;327;30;2;15;290;1
798;328;29;2;32;384;1
799;329;29;2;3;335;4
800;330;29;2;4;279;2
801;331;29;2;6;20;4
802;332;29;2;11;263;1
803;333;29;2;25;314;2
804;334;29;2;5;51;2
805;335;29;2;2;130;2
806;336;29;2;12;59;3
807;337;29;2;30;443;2
808;338;29;2;34;269;3
809;339;29;2;9;264;1
810;340;29;2;33;220;1
811;341;29;2;0;211;1
812;342;29;2;10;118;3
813;343;28;2;23;38;2
814;344;28;2;1;203;3
815;345;28;2;6;130;3
816;346;28;2;0;155;2
817;347;28;2;30;162;1
818;348;28;2;14;117;2
819;349;28;2;9;134;1
820;350;28;2;20;13;4
821;351;28;2;7;441;4
822;352;28;2;28;35;4
823;353;28;2;15;335;2
824;354;28;2;5;55;1
825;355;28;2;40;49;1
826;356;28;2;4;194;1
827;357;28;2;37;368;3
828;358;27;2;2;349;1
829;359;27;2;1;118;2
830;360;27;2;12;481;3
831;361;27;2;11;154;2
832;362;27;2;4;413;4
833;363;27;2;3;256;4
834;364;27;2;21;75;1
835;365;27;2;0;248;2
836;366;27;2;17;347;4
837;367;27;2;19;125;1
838;368;27;2;35;136;3
839;369;27;2;8;466;1
840;370;27;2;15;73;2
841;371;27;2;23;356;2
842;372;27;2;10;53;1
843;373;27;2;14;407;3
844;374;10;2;96;71;2
845;375;26;2;8;324;1
846;376;26;2;7;334;3
847;377;26;2;10;143;2
848;378;26;2;17;285;2
849;379;26;2;40;473;3
850;380;26;2;22;202;1
851;381;26;2;43;23;1
852;382;26;2;41;473;4
853;383;26;2;20;458;4
854;384;26;2;18;417;2
855;385;26;2;23;478;4
856;386;26;2;0;19;1
857;387;26;2;3;38;1
858;388;26;2;5;263;2
859;389;26;2;13;180;2
860;390;18;2;40;134;2
861;391;18;2;23;282;4
862;392;18;2;8;473;3
863;393;18;2;41;359;2
864;394;18;2;5;294;1
865;395;18;2;30;215;2
866;396;18;2;7;159;1
867;397;18;2;1;143;3
868;398;18;2;3;16;2
869;399;18;2;34;234;3
870;400;18;2;10;266;1
871;401;18;2;55;406;4
872;402;18;2;6;319;1
873;403;18;2;50;107;4
874;404;18;2;20;86;3
875;405;18;2;9;34;1
876;406;19;2;13;287;1
877;407;19;2;10;219;3
878;408;19;2;3;53;2
879;409;19;2;1;228;2
880;410;19;2;15;408;2
881;411;19;2;5;469;1
882;412;19;2;2;396;3
883;413;19;2;42;202;4
884;414;19;2;7;82;1
885;415;19;2;33;451;4
886;416;19;2;21;239;2
887;417;19;2;32;12;1
888;418;19;2;6;158;3
889;419;19;2;30;495;3
890;420;19;2;8;480;2
891;421;19;2;12;333;1
892;422;17;2;33;51;1
893;423;17;2;11;94;1
894;424;17;2;50;455;2
895;425;17;2;9;32;3
896;426;17;2;30;304;4
897;427;17;2;0;238;4
898;428;17;2;15;400;1
899;429;17;2;8;373;1
900;430;17;2;5;16;2
901;431;17;2;25;424;1
902;432;17;2;16;413;2
903;433;17;2;10;59;3
904;434;17;2;1;375;3
905;435;17;2;4;72;2
906;436;17;2;23;215;3
907;437;17;2;34;32;4
908;438;20;2;23;18;2
909;439;20;2;11;168;1
910;440;20;2;9;454;3
911;441;20;2;1;212;2
912;442;20;2;55;142;2
913;443;20;2;5;139;1
914;444;20;2;10;425;1
915;445;20;2;2;65;3
916;446;20;2;24;378;2
917;447;20;2;33;344;1
918;448;20;2;44;90;3
919;449;20;2;13;12;1
920;450;20;2;8;445;2
921;451;20;2;88;198;3
922;452;20;2;42;196;4
923;453;20;2;3;432;4
924;454;20;2;20;246;4
925;455;16;2;2;214;2
926;456;16;2;12;119;1
927;457;16;2;16;270;1
928;458;16;2;9;184;4
929;459;16;2;8;363;1
930;460;16;2;20;232;3
931;461;16;2;14;154;4
932;462;16;2;10;436;3
933;463;16;2;17;126;4
934;464;16;2;3;177;2
935;465;16;2;5;438;1
936;466;16;2;42;118;2
937;467;16;2;27;266;2
938;468;16;2;1;417;2
939;469;16;2;11;112;3
940;470;16;2;30;481;1
941;1;22;3;0;1200;2
942;2;22;3;7;1100;2
943;3;22;3;9;1000;1
944;4;22;3;8;900;1
945;5;22;3;21;456;4
946;6;22;3;91;567;3
947;7;22;3;14;456;2
948;8;22;3;27;235;1
949;9;22;3;1;678;3
950;10;22;3;12;890;4
951;11;22;3;41;543;3
952;12;22;3;23;234;1
953;13;22;3;35;34;1
954;14;22;3;25;24;3
955;15;22;3;3;56;2
956;16;22;3;15;34;4
957;17;22;3;5;56;1
958;18;21;3;32;223;1
959;19;21;3;22;890;1
960;20;21;3;14;443;2
961;21;21;3;8;456;3
962;22;21;3;5;45;4
963;23;21;3;15;245;3
964;24;21;3;9;456;2
965;25;21;3;88;344;3
966;26;21;3;33;245;2
967;27;21;3;3;678;4
968;28;21;3;1;908;3
969;29;21;3;4;678;1
970;30;21;3;45;56;2
971;31;21;3;27;544;3
972;32;21;3;11;67;1
973;33;25;3;0;45;2
974;34;25;3;5;34;1
975;35;25;3;11;34;3
976;36;25;3;12;334;4
977;37;25;3;21;567;2
978;38;25;3;9;789;2
979;39;25;3;3;789;3
980;40;25;3;8;655;3
981;41;25;3;2;543;3
982;42;25;3;77;567;1
983;43;25;3;7;357;2
984;44;25;3;22;578;2
985;45;25;3;6;432;4
986;46;25;3;15;45;1
987;47;25;3;4;45;3
988;48;25;3;34;35;1
989;49;24;3;0;765;3
990;50;24;3;3;443;1
991;51;24;3;4;46;4
992;52;24;3;24;246;3
993;53;24;3;23;78;1
994;54;24;3;1;534;1
995;55;24;3;8;25;2
996;56;24;3;11;356;2
997;57;24;3;17;333;4
998;58;24;3;6;677;1
999;59;24;3;21;567;2
1000;60;24;3;10;454;2
1001;61;24;3;5;54;1
1002;62;24;3;55;545;3
1003;63;24;3;31;788;2
1004;64;23;3;20;542;2
1005;65;23;3;3;234;1
1006;66;23;3;5;67;2
1007;67;23;3;27;66;2
1008;68;23;3;15;332;2
1009;69;23;3;6;45;2
1010;70;23;3;8;32;4
1011;71;23;3;41;22;1
1012;72;23;3;2;156;3
1013;73;23;3;11;25;1
1014;74;23;3;33;391;1
1015;75;23;3;10;375;4
1016;76;23;3;24;256;2
1017;77;23;3;25;135;1
1018;78;23;3;21;32;3
1019;79;9;3;21;344;3
1020;80;9;3;3;409;2
1021;81;9;3;22;124;2
1022;82;9;3;11;210;2
1023;83;9;3;8;467;1
1024;84;9;3;44;312;3
1025;85;9;3;7;264;3
1026;86;9;3;9;305;1
1027;87;9;3;0;19;1
1028;88;9;3;2;408;4
1029;89;9;3;6;443;4
1030;90;9;3;5;49;1
1031;91;9;3;45;177;3
1032;92;9;3;16;456;2
1033;93;9;3;31;442;1
1034;94;8;3;23;197;1
1035;95;8;3;2;323;2
1036;96;8;3;0;381;2
1037;97;8;3;8;173;2
1038;98;8;3;5;416;1
1039;99;8;3;26;120;2
1040;100;8;3;4;311;1
1041;101;8;3;13;211;3
1042;102;8;3;24;314;2
1043;103;8;3;20;441;1
1044;104;8;3;12;329;3
1045;105;8;3;34;69;3
1046;106;8;3;14;232;3
1047;107;8;3;1;255;3
1048;108;8;3;66;454;1
1049;109;6;3;1;379;3
1050;110;6;3;34;21;2
1051;111;6;3;5;147;4
1052;112;6;3;0;461;1
1053;113;6;3;13;93;2
1054;114;6;3;30;336;2
1055;115;6;3;14;142;2
1056;116;6;3;25;66;1
1057;117;6;3;19;416;3
1058;118;6;3;12;41;1
1059;119;6;3;7;425;2
1060;120;6;3;51;25;1
1061;121;6;3;6;17;1
1062;122;6;3;8;366;4
1063;123;6;3;9;313;4
1064;124;7;3;13;330;1
1065;125;7;3;44;84;3
1066;126;7;3;33;312;1
1067;127;7;3;21;331;2
1068;128;7;3;0;483;2
1069;129;7;3;2;390;3
1070;130;7;3;11;314;3
1071;131;7;3;7;76;4
1072;132;7;3;40;124;2
1073;133;7;3;99;20;1
1074;134;7;3;1;403;2
1075;135;7;3;3;476;4
1076;136;7;3;5;384;1
1077;137;7;3;25;31;1
1078;138;7;3;32;293;4
1079;139;10;3;34;305;4
1080;140;10;3;12;108;3
1081;141;10;3;13;79;1
1082;142;10;3;9;90;2
1083;143;10;3;21;343;4
1084;144;10;3;8;267;1
1085;145;10;3;35;29;2
1086;146;10;3;31;143;3
1087;147;10;3;20;214;2
1088;148;10;3;3;292;1
1089;149;10;3;7;357;4
1090;150;10;3;6;426;3
1091;151;10;3;22;13;2
1092;152;10;3;15;27;1
1093;153;14;3;11;73;1
1094;154;14;3;44;244;1
1095;155;14;3;6;276;3
1096;156;14;3;7;395;4
1097;157;14;3;35;430;3
1098;158;14;3;12;473;3
1099;159;14;3;13;357;2
1100;160;14;3;24;126;4
1101;161;14;3;41;268;1
1102;162;14;3;22;163;4
1103;163;14;3;15;220;1
1104;164;14;3;4;26;2
1105;165;14;3;95;483;2
1106;166;14;3;2;421;4
1107;167;14;3;8;446;2
1108;168;14;3;76;121;2
1109;169;14;3;1;111;1
1110;170;14;3;21;23;3
1111;171;11;3;4;237;1
1112;172;11;3;0;266;4
1113;173;11;3;42;83;3
1114;174;11;3;99;154;3
1115;175;11;3;36;215;1
1116;176;11;3;41;367;3
1117;177;11;3;90;131;2
1118;178;11;3;12;160;4
1119;179;11;3;30;185;1
1120;180;11;3;7;416;1
1121;181;11;3;8;489;2
1122;182;11;3;44;259;2
1123;183;11;3;55;112;2
1124;184;11;3;9;254;1
1125;185;11;3;13;68;2
1126;186;13;3;7;167;3
1127;187;13;3;6;123;1
1128;188;13;3;25;371;3
1129;189;13;3;5;281;2
1130;190;13;3;3;376;1
1131;191;13;3;8;382;4
1132;192;13;3;9;297;2
1133;193;13;3;91;401;2
1134;194;13;3;14;49;1
1135;195;13;3;13;142;3
1136;196;13;3;42;51;4
1137;197;13;3;31;151;2
1138;198;13;3;2;425;1
1139;199;13;3;18;63;2
1140;200;13;3;40;216;1
1141;201;12;3;21;165;4
1142;202;12;3;25;478;3
1143;203;12;3;8;349;3
1144;204;12;3;0;15;1
1145;205;12;3;33;260;2
1146;206;12;3;9;271;2
1147;207;12;3;12;11;2
1148;208;12;3;14;440;4
1149;209;12;3;11;213;1
1150;210;12;3;4;360;1
1151;211;12;3;22;382;1
1152;212;12;3;31;96;3
1153;213;12;3;5;47;4
1154;214;12;3;1;26;1
1155;215;12;3;20;478;1
1156;216;15;3;10;33;4
1157;217;15;3;7;102;1
1158;218;15;3;17;292;3
1159;219;15;3;31;437;1
1160;220;15;3;5;30;2
1161;221;15;3;6;495;4
1162;222;15;3;54;52;2
1163;223;15;3;0;47;3
1164;224;15;3;24;261;2
1165;225;15;3;92;320;4
1166;226;15;3;43;289;1
1167;227;15;3;23;416;1
1168;228;15;3;42;105;3
1169;229;15;3;20;489;1
1170;230;15;3;55;193;2
1171;231;3;3;4;235;3
1172;232;3;3;17;144;3
1173;233;3;3;8;153;4
1174;234;3;3;10;354;1
1175;235;3;3;24;12;1
1176;236;3;3;31;99;4
1177;237;3;3;25;428;1
1178;238;3;3;13;74;1
1179;239;3;3;5;389;2
1180;240;3;3;43;210;2
1181;241;3;3;12;171;3
1182;242;3;3;95;432;2
1183;243;3;3;32;414;1
1184;244;3;3;22;155;1
1185;245;3;3;14;406;3
1186;246;3;3;30;418;2
1187;247;3;3;11;101;2
1188;248;5;3;15;301;3
1189;249;5;3;5;76;3
1190;250;5;3;40;58;3
1191;251;5;3;2;140;4
1192;252;5;3;21;252;2
1193;253;5;3;44;254;3
1194;254;5;3;3;256;1
1195;255;5;3;14;114;1
1196;256;5;3;0;400;3
1197;257;5;3;7;460;2
1198;258;5;3;55;163;4
1199;259;5;3;12;325;2
1200;260;5;3;22;260;1
1201;261;5;3;9;32;2
1202;262;5;3;35;437;2
1203;263;5;3;18;441;1
1204;264;5;3;10;56;1
1205;265;5;3;30;435;4
1206;266;1;3;7;52;1
1207;267;1;3;21;61;2
1208;268;1;3;8;259;1
1209;269;1;3;11;43;3
1210;270;1;3;16;217;2
1211;271;1;3;0;360;4
1212;272;1;3;20;111;1
1213;273;1;3;2;476;2
1214;274;1;3;22;49;2
1215;275;1;3;17;109;3
1216;276;1;3;35;394;3
1217;277;1;3;4;404;1
1218;278;1;3;5;48;2
1219;279;1;3;40;432;1
1220;280;1;3;1;298;3
1221;281;1;3;15;250;3
1222;282;2;3;10;437;3
1223;283;2;3;7;256;2
1224;284;2;3;9;471;1
1225;285;2;3;4;453;2
1226;286;2;3;0;82;1
1227;287;2;3;34;494;1
1228;288;2;3;20;185;3
1229;289;2;3;14;381;3
1230;290;2;3;11;322;1
1231;291;2;3;8;436;1
1232;292;2;3;32;47;2
1233;293;2;3;21;164;2
1234;294;2;3;3;305;3
1235;295;2;3;33;245;2
1236;296;2;3;23;424;4
1237;297;2;3;40;62;3
1238;298;4;3;2;305;3
1239;299;4;3;3;346;2
1240;300;4;3;22;50;3
1241;301;4;3;5;158;3
1242;302;4;3;13;399;4
1243;303;4;3;15;216;1
1244;304;4;3;12;116;3
1245;305;4;3;14;294;1
1246;306;4;3;33;417;1
1247;307;4;3;9;276;1
1248;308;4;3;31;122;2
1249;309;4;3;44;87;1
1250;310;4;3;32;335;4
1251;311;4;3;28;374;2
1252;312;4;3;4;469;2
1253;313;30;3;35;264;1
1254;314;30;3;30;65;1
1255;315;30;3;11;298;2
1256;316;30;3;23;435;3
1257;317;30;3;21;243;2
1258;318;30;3;9;14;1
1259;319;30;3;27;333;2
1260;320;30;3;1;48;3
1261;321;30;3;34;292;2
1262;322;30;3;3;199;3
1263;323;30;3;0;369;4
1264;324;30;3;5;235;1
1265;325;30;3;20;241;2
1266;326;30;3;18;390;4
1267;327;30;3;15;237;1
1268;328;29;3;32;59;2
1269;329;29;3;3;362;2
1270;330;29;3;4;220;4
1271;331;29;3;6;121;1
1272;332;29;3;11;216;2
1273;333;29;3;25;251;1
1274;334;12;3;95;292;2
1275;335;29;3;2;164;3
1276;336;29;3;12;304;2
1277;337;29;3;30;267;1
1278;338;29;3;34;188;3
1279;339;29;3;9;286;2
1280;340;29;3;33;459;1
1281;341;29;3;0;314;3
1282;342;29;3;10;391;4
1283;343;28;3;23;73;4
1284;344;28;3;1;62;1
1285;345;21;3;6;240;1
1286;346;28;3;0;205;2
1287;347;28;3;30;472;2
1288;348;28;3;14;291;2
1289;349;28;3;9;101;3
1290;350;28;3;20;140;2
1291;351;28;3;7;278;1
1292;352;28;3;28;337;1
1293;353;28;3;15;499;3
1294;354;28;3;5;206;4
1295;355;28;3;40;367;1
1296;356;28;3;4;90;1
1297;357;28;3;37;156;1
1298;358;27;3;2;63;2
1299;359;27;3;1;459;3
1300;360;27;3;12;162;1
1301;361;27;3;11;112;2
1302;362;27;3;4;261;1
1303;363;27;3;3;405;1
1304;364;27;3;21;80;1
1305;365;27;3;0;161;4
1306;366;27;3;17;252;3
1307;367;27;3;19;280;4
1308;368;27;3;35;88;2
1309;369;27;3;8;270;4
1310;370;27;3;15;335;3
1311;371;27;3;23;393;3
1312;372;27;3;10;61;4
1313;373;27;3;14;222;2
1314;374;26;3;15;474;1
1315;375;26;3;8;373;1
1316;376;26;3;7;489;4
1317;377;26;3;10;263;1
1318;378;26;3;17;82;1
1319;379;26;3;40;151;4
1320;380;26;3;22;115;2
1321;381;26;3;43;67;4
1322;382;26;3;41;445;1
1323;383;26;3;20;16;3
1324;384;26;3;18;90;2
1325;385;26;3;23;126;2
1326;386;26;3;0;241;2
1327;387;26;3;3;410;2
1328;388;26;3;5;442;1
1329;389;26;3;13;401;3
1330;390;18;3;40;69;2
1331;391;18;3;23;403;1
1332;392;18;3;8;227;2
1333;393;18;3;41;461;4
1334;394;18;3;5;87;1
1335;395;18;3;30;141;2
1336;396;18;3;7;171;3
1337;397;18;3;1;480;2
1338;398;18;3;3;332;1
1339;399;18;3;34;487;3
1340;400;18;3;10;42;1
1341;401;18;3;55;295;1
1342;402;18;3;6;442;1
1343;403;18;3;50;495;4
1344;404;18;3;20;408;4
1345;405;18;3;9;159;3
1346;406;19;3;13;399;1
1347;407;19;3;10;468;2
1348;408;19;3;3;148;2
1349;409;19;3;1;341;2
1350;410;19;3;15;54;4
1351;411;19;3;5;214;1
1352;412;19;3;2;36;3
1353;413;19;3;42;300;4
1354;414;19;3;7;346;2
1355;415;18;3;33;392;3
1356;416;19;3;21;190;2
1357;417;19;3;32;450;1
1358;418;19;3;6;117;3
1359;419;19;3;30;57;3
1360;420;19;3;8;309;1
1361;421;19;3;12;17;3
1362;422;17;3;33;277;1
1363;423;17;3;11;314;1
1364;424;17;3;50;95;2
1365;425;17;3;9;77;3
1366;426;17;3;30;183;4
1367;427;17;3;0;230;4
1368;428;17;3;15;163;1
1369;429;17;3;8;306;1
1370;430;17;3;5;455;2
1371;431;17;3;25;273;1
1372;432;17;3;16;477;2
1373;433;17;3;10;240;3
1374;434;17;3;1;40;3
1375;435;17;3;4;446;2
1376;436;17;3;23;284;3
1377;437;17;3;34;136;4
1378;438;20;3;23;394;2
1379;439;20;3;11;197;1
1380;440;20;3;9;275;2
1381;441;20;3;1;100;2
1382;442;20;3;55;119;3
1383;443;20;3;5;176;1
1384;444;20;3;10;156;1
1385;445;20;3;2;380;3
1386;446;20;3;24;154;2
1387;447;20;3;33;228;1
1388;448;20;3;44;72;3
1389;449;20;3;13;156;1
1390;450;20;3;8;496;2
1391;451;20;3;88;258;3
1392;452;20;3;42;96;4
1393;453;20;3;3;413;4
1394;454;20;3;20;442;4
1395;455;16;3;2;123;2
1396;456;16;3;12;199;1
1397;457;16;3;16;177;1
1398;458;16;3;9;17;4
1399;459;16;3;8;60;1
1400;460;16;3;20;235;3
1401;461;16;3;14;415;4
1402;462;16;3;10;214;3
1403;463;16;3;17;176;4
1404;464;16;3;3;355;2
1405;465;16;3;5;188;1
1406;466;16;3;42;432;2
1407;467;16;3;27;79;2
1408;468;16;3;1;452;2
1409;469;16;3;11;105;3
1410;470;16;3;30;453;1
